algorithm,inputType,n,timeMs,maxDepth,comparisons,swaps,calls,allocations
ArraysSort,RANDOM,1000,0.0231,0,0,0,0,0
MergeSort,RANDOM,1000,0.0458,7,10462,13584,127,1
QuickSort,RANDOM,1000,0.0710,7,16702,7670,669,0
DeterministicSelect,RANDOM,1000,0.0296,8,9424,8998,84,0
ClosestPair,RANDOM,1000,0.3087,10,8720,17856,975,3
ClosestPairBrute,RANDOM,1000,0.5618,0,499500,0,0,0
ArraysSort,SORTED,1000,0.0026,0,0,0,0,0
MergeSort,SORTED,1000,0.0025,7,999,936,127,1
QuickSort,SORTED,1000,0.0461,7,19046,6872,678,0
DeterministicSelect,SORTED,1000,0.0167,9,7792,6832,86,0
ClosestPair,SORTED,1000,0.1387,10,8720,17856,975,3
ClosestPairBrute,SORTED,1000,0.5978,0,499500,0,0,0
ArraysSort,REVERSE_SORTED,1000,0.0040,0,0,0,0,0
MergeSort,REVERSE_SORTED,1000,0.0172,7,10403,17236,127,1
QuickSort,REVERSE_SORTED,1000,0.0502,7,18378,6838,668,0
DeterministicSelect,REVERSE_SORTED,1000,0.0187,8,8843,9004,72,0
ClosestPair,REVERSE_SORTED,1000,0.1449,10,8720,17856,975,3
ClosestPairBrute,REVERSE_SORTED,1000,0.5845,0,499500,0,0,0
ArraysSort,DUPLICATE_HEAVY,1000,0.0212,0,0,0,0,0
MergeSort,DUPLICATE_HEAVY,1000,0.0300,7,10342,13442,127,1
QuickSort,DUPLICATE_HEAVY,1000,0.0344,5,11309,5791,101,0
DeterministicSelect,DUPLICATE_HEAVY,1000,0.0106,7,4634,4310,22,0
ClosestPair,DUPLICATE_HEAVY,1000,0.2829,10,8717,17856,975,3
ClosestPairBrute,DUPLICATE_HEAVY,1000,0.5680,0,499500,0,0,0
ArraysSort,RANDOM,2000,0.0648,0,0,0,0,0
MergeSort,RANDOM,2000,0.1064,8,22555,29802,255,1
QuickSort,RANDOM,2000,0.1437,8,40072,19220,1331,0
DeterministicSelect,RANDOM,2000,0.0698,10,19076,18257,116,0
ClosestPair,RANDOM,2000,0.6004,11,19450,39712,1951,3
ClosestPairBrute,RANDOM,2000,2.5294,0,1999000,0,0,0
ArraysSort,SORTED,2000,0.0048,0,0,0,0,0
MergeSort,SORTED,2000,0.0049,8,1999,1872,255,1
QuickSort,SORTED,2000,0.0962,8,42019,13920,1336,0
DeterministicSelect,SORTED,2000,0.0350,10,15842,13946,122,0
ClosestPair,SORTED,2000,0.2818,11,19450,39712,1951,3
ClosestPairBrute,SORTED,2000,2.7377,0,1999000,0,0,0
ArraysSort,REVERSE_SORTED,2000,0.0077,0,0,0,0,0
MergeSort,REVERSE_SORTED,2000,0.0369,8,21807,37472,255,1
QuickSort,REVERSE_SORTED,2000,0.0997,7,42436,16554,1339,0
DeterministicSelect,REVERSE_SORTED,2000,0.0391,9,18100,18445,106,0
ClosestPair,REVERSE_SORTED,2000,0.2815,11,19450,39712,1951,3
ClosestPairBrute,REVERSE_SORTED,2000,2.6713,0,1999000,0,0,0
ArraysSort,DUPLICATE_HEAVY,2000,0.0475,0,0,0,0,0
MergeSort,DUPLICATE_HEAVY,2000,0.0814,8,22725,29911,255,1
QuickSort,DUPLICATE_HEAVY,2000,0.0653,6,23433,12510,101,0
DeterministicSelect,DUPLICATE_HEAVY,2000,0.0219,7,7873,7408,15,0
ClosestPair,DUPLICATE_HEAVY,2000,0.6014,11,19370,39712,1951,3
ClosestPairBrute,DUPLICATE_HEAVY,2000,2.5496,0,1999000,0,0,0
ArraysSort,RANDOM,5000,0.1926,0,0,0,0,0
MergeSort,RANDOM,5000,0.2960,10,58918,82268,1023,1
QuickSort,RANDOM,5000,0.3950,9,127205,58487,3318,0
DeterministicSelect,RANDOM,5000,0.1765,11,48742,46444,223,0
ClosestPair,RANDOM,5000,1.7023,12,55495,110000,4095,3
ClosestPairBrute,RANDOM,5000,16.2371,0,12497500,0,0,0
ArraysSort,SORTED,5000,0.0011,0,0,0,0,0
MergeSort,SORTED,5000,0.0138,10,4999,4488,1023,1
QuickSort,SORTED,5000,0.2593,9,103592,34278,3348,0
DeterministicSelect,SORTED,5000,0.1009,11,41770,36942,259,0
ClosestPair,SORTED,5000,0.7747,12,55495,110000,4095,3
ClosestPairBrute,SORTED,5000,19.0333,0,12497500,0,0,0
ArraysSort,REVERSE_SORTED,5000,0.0035,0,0,0,0,0
MergeSort,REVERSE_SORTED,5000,0.0884,10,45107,93812,1023,1
QuickSort,REVERSE_SORTED,5000,0.2621,9,106947,38434,3364,0
DeterministicSelect,REVERSE_SORTED,5000,0.1093,10,46336,47083,206,0
ClosestPair,REVERSE_SORTED,5000,0.7557,12,55495,110000,4095,3
ClosestPairBrute,REVERSE_SORTED,5000,18.2469,0,12497500,0,0,0
ArraysSort,DUPLICATE_HEAVY,5000,0.1082,0,0,0,0,0
MergeSort,DUPLICATE_HEAVY,5000,0.2442,10,58791,81960,1023,1
QuickSort,DUPLICATE_HEAVY,5000,0.1571,5,59520,31472,101,0
DeterministicSelect,DUPLICATE_HEAVY,5000,0.0782,8,23131,21687,43,0
ClosestPair,DUPLICATE_HEAVY,5000,1.6511,12,55008,110000,4095,3
ClosestPairBrute,DUPLICATE_HEAVY,5000,16.2657,0,12497500,0,0,0
ArraysSort,RANDOM,10000,0.4091,0,0,0,0,0
MergeSort,RANDOM,10000,0.6360,11,128052,179583,2047,1
QuickSort,RANDOM,10000,0.8421,10,242473,112450,6672,0
DeterministicSelect,RANDOM,10000,0.3618,12,99527,95088,370,0
ClosestPair,RANDOM,10000,3.8626,13,120990,240000,8191,3
ClosestPairBrute,RANDOM,10000,68.1466,0,49995000,0,0,0
ArraysSort,SORTED,10000,0.0021,0,0,0,0,0
MergeSort,SORTED,10000,0.0235,11,9999,8976,2047,1
QuickSort,SORTED,10000,0.5558,9,241252,77996,6653,0
DeterministicSelect,SORTED,10000,0.2044,12,84304,74761,365,0
ClosestPair,SORTED,10000,1.7550,13,120990,240000,8191,3
ClosestPairBrute,SORTED,10000,86.8503,0,49995000,0,0,0
ArraysSort,REVERSE_SORTED,10000,0.0070,0,0,0,0,0
MergeSort,REVERSE_SORTED,10000,0.1694,11,95215,202624,2047,1
QuickSort,REVERSE_SORTED,10000,0.5531,9,251077,92272,6649,0
DeterministicSelect,REVERSE_SORTED,10000,0.2224,12,93661,95261,299,0
ClosestPair,REVERSE_SORTED,10000,1.8700,13,120990,240000,8191,3
ClosestPairBrute,REVERSE_SORTED,10000,85.8561,0,49995000,0,0,0
ArraysSort,DUPLICATE_HEAVY,10000,0.1992,0,0,0,0,0
MergeSort,DUPLICATE_HEAVY,10000,0.4990,11,127678,179068,2047,1
QuickSort,DUPLICATE_HEAVY,10000,0.3186,5,117323,61591,101,0
DeterministicSelect,DUPLICATE_HEAVY,10000,0.1370,8,39742,37503,33,0
ClosestPair,DUPLICATE_HEAVY,10000,3.7613,13,117702,240000,8191,3
ClosestPairBrute,DUPLICATE_HEAVY,10000,65.8319,0,49995000,0,0,0
ArraysSort,RANDOM,20000,0.8828,0,0,0,0,0
MergeSort,RANDOM,20000,1.4111,12,275883,389051,4095,1
QuickSort,RANDOM,20000,1.8014,10,510695,224851,13337,0
DeterministicSelect,RANDOM,20000,0.7169,14,201519,192079,543,0
ClosestPair,RANDOM,20000,8.8770,14,262084,520000,16383,3
ClosestPairBrute,RANDOM,20000,281.9857,0,199990000,0,0,0
ArraysSort,SORTED,20000,0.0041,0,0,0,0,0
MergeSort,SORTED,20000,0.0687,12,19999,17952,4095,1
QuickSort,SORTED,20000,1.1788,10,543369,194660,13268,0
DeterministicSelect,SORTED,20000,0.4169,13,171306,152155,580,0
ClosestPair,SORTED,20000,3.8715,14,262084,520000,16383,3
ClosestPairBrute,SORTED,20000,409.8036,0,199990000,0,0,0
ArraysSort,REVERSE_SORTED,20000,0.0137,0,0,0,0,0
MergeSort,REVERSE_SORTED,20000,0.3833,12,200431,435248,4095,1
QuickSort,REVERSE_SORTED,20000,1.1443,10,534698,201116,13285,0
DeterministicSelect,REVERSE_SORTED,20000,0.4357,12,188527,191679,438,0
ClosestPair,REVERSE_SORTED,20000,3.9328,14,262084,520000,16383,3
ClosestPairBrute,REVERSE_SORTED,20000,418.5176,0,199990000,0,0,0
ArraysSort,DUPLICATE_HEAVY,20000,0.3992,0,0,0,0,0
MergeSort,DUPLICATE_HEAVY,20000,1.1352,12,275573,388306,4095,1
QuickSort,DUPLICATE_HEAVY,20000,0.6262,5,229837,118669,101,0
DeterministicSelect,DUPLICATE_HEAVY,20000,0.5700,10,157824,145803,101,0
ClosestPair,DUPLICATE_HEAVY,20000,8.2450,14,248824,520000,16383,3
ClosestPairBrute,DUPLICATE_HEAVY,20000,266.0989,0,199990000,0,0,0
ArraysSort,RANDOM,50000,2.5037,0,0,0,0,0
MergeSort,RANDOM,50000,3.8720,13,773624,1080917,8191,1
QuickSort,RANDOM,50000,4.7578,11,1455960,701273,33285,0
DeterministicSelect,RANDOM,50000,1.7749,15,510260,487519,1017,0
ClosestPair,RANDOM,50000,22.3674,16,723429,1406784,34463,3
ArraysSort,SORTED,50000,0.0102,0,0,0,0,0
MergeSort,SORTED,50000,0.1088,13,49999,45904,8191,1
QuickSort,SORTED,50000,3.0143,11,1446158,514445,33295,0
DeterministicSelect,SORTED,50000,1.0045,15,435641,387816,1083,0
ClosestPair,SORTED,50000,11.1006,16,723429,1406784,34463,3
ArraysSort,REVERSE_SORTED,50000,0.0342,0,0,0,0,0
MergeSort,REVERSE_SORTED,50000,0.9756,13,585711,1225310,8191,1
QuickSort,REVERSE_SORTED,50000,3.0800,11,1435327,539672,33339,0
DeterministicSelect,REVERSE_SORTED,50000,1.0841,14,478423,486228,867,0
ClosestPair,REVERSE_SORTED,50000,10.6222,16,723429,1406784,34463,3
ArraysSort,DUPLICATE_HEAVY,50000,1.0565,0,0,0,0,0
MergeSort,DUPLICATE_HEAVY,50000,2.5791,13,770552,1077010,8191,1
QuickSort,DUPLICATE_HEAVY,50000,1.5702,5,535795,317750,101,0
DeterministicSelect,DUPLICATE_HEAVY,50000,0.8032,10,228857,214122,63,0
ClosestPair,DUPLICATE_HEAVY,50000,21.2429,16,668272,1406784,34463,3
ArraysSort,RANDOM,100000,5.0841,0,0,0,0,0
MergeSort,RANDOM,100000,8.0005,14,1646657,2311153,16383,1
QuickSort,RANDOM,100000,10.0722,11,3334313,1547368,66739,0
DeterministicSelect,RANDOM,100000,3.5196,15,1015731,970575,1512,0
ClosestPair,RANDOM,100000,48.5195,17,1547014,3013568,68927,3
ArraysSort,SORTED,100000,0.0201,0,0,0,0,0
MergeSort,SORTED,100000,0.2453,14,99999,91808,16383,1
QuickSort,SORTED,100000,6.5788,12,3043555,1053841,66566,0
DeterministicSelect,SORTED,100000,1.9826,16,876589,780704,1668,0
ClosestPair,SORTED,100000,23.4333,17,1547014,3013568,68927,3
ArraysSort,REVERSE_SORTED,100000,0.0686,0,0,0,0,0
MergeSort,REVERSE_SORTED,100000,2.2638,14,1221423,2600617,16383,1
QuickSort,REVERSE_SORTED,100000,6.3250,12,3303256,1219606,66572,0
DeterministicSelect,REVERSE_SORTED,100000,2.0840,15,955921,972185,1222,0
ClosestPair,REVERSE_SORTED,100000,23.1788,17,1547014,3013568,68927,3
ArraysSort,DUPLICATE_HEAVY,100000,2.0691,0,0,0,0,0
MergeSort,DUPLICATE_HEAVY,100000,5.5462,14,1641588,2304205,16383,1
QuickSort,DUPLICATE_HEAVY,100000,3.1322,6,1043514,605043,101,0
DeterministicSelect,DUPLICATE_HEAVY,100000,1.5747,10,452608,423559,58,0
ClosestPair,DUPLICATE_HEAVY,100000,45.8371,17,1390388,3013568,68927,3
ArraysSort,RANDOM,200000,10.8625,0,0,0,0,0
MergeSort,RANDOM,200000,17.0835,15,3494960,4924215,32767,1
QuickSort,RANDOM,200000,21.3364,12,6934427,3314030,133539,0
DeterministicSelect,RANDOM,200000,6.6815,16,1959023,1867660,2187,0
ClosestPair,RANDOM,200000,116.2892,18,3293246,6427136,137855,3
ArraysSort,SORTED,200000,0.0431,0,0,0,0,0
MergeSort,SORTED,200000,0.4608,15,199999,183616,32767,1
QuickSort,SORTED,200000,13.3786,12,6808955,2364382,133201,0
DeterministicSelect,SORTED,200000,4.0576,17,1765353,1574396,2622,0
ClosestPair,SORTED,200000,55.7817,18,3293246,6427136,137855,3
ArraysSort,REVERSE_SORTED,200000,0.1502,0,0,0,0,0
MergeSort,REVERSE_SORTED,200000,4.4572,15,2542849,5501229,32767,1
QuickSort,REVERSE_SORTED,200000,13.4827,13,6630461,2398105,133172,0
DeterministicSelect,REVERSE_SORTED,200000,4.1429,16,1931948,1963679,2049,0
ClosestPair,REVERSE_SORTED,200000,56.0659,18,3293246,6427136,137855,3
ArraysSort,DUPLICATE_HEAVY,200000,4.3860,0,0,0,0,0
MergeSort,DUPLICATE_HEAVY,200000,11.0504,15,3481586,4907123,32767,1
QuickSort,DUPLICATE_HEAVY,200000,6.3058,5,2453602,1407333,101,0
DeterministicSelect,DUPLICATE_HEAVY,200000,2.6209,9,759388,719025,10,0
ClosestPair,DUPLICATE_HEAVY,200000,106.2177,18,2885899,6427136,137855,3
ArraysSort,RANDOM,500000,29.9669,0,0,0,0,0
MergeSort,RANDOM,500000,45.6883,16,9645622,13461214,65535,1
QuickSort,RANDOM,500000,56.8707,14,18068421,8556090,333423,0
DeterministicSelect,RANDOM,500000,17.3838,19,5198975,4959246,4557,0
ClosestPair,RANDOM,500000,438.5150,19,8845134,17854272,475711,3
ArraysSort,SORTED,500000,0.1087,0,0,0,0,0
MergeSort,SORTED,500000,1.2300,16,499999,467232,65535,1
QuickSort,SORTED,500000,35.5265,13,18227783,6394443,333385,0
DeterministicSelect,SORTED,500000,9.4715,18,4428958,3951332,4578,0
ClosestPair,SORTED,500000,230.4802,19,8845134,17854272,475711,3
ArraysSort,REVERSE_SORTED,500000,0.3699,0,0,0,0,0
MergeSort,REVERSE_SORTED,500000,13.2817,16,7359542,15276025,65535,1
QuickSort,REVERSE_SORTED,500000,35.6936,13,18669168,6943752,333114,0
DeterministicSelect,REVERSE_SORTED,500000,10.4154,17,4846149,4926269,3616,0
ClosestPair,REVERSE_SORTED,500000,237.0335,19,8845134,17854272,475711,3
ArraysSort,DUPLICATE_HEAVY,500000,9.9804,0,0,0,0,0
MergeSort,DUPLICATE_HEAVY,500000,28.7380,16,9603946,13410682,65535,1
QuickSort,DUPLICATE_HEAVY,500000,15.3462,5,5611819,3229274,101,0
DeterministicSelect,DUPLICATE_HEAVY,500000,6.7726,11,1977391,1861013,54,0
ClosestPair,DUPLICATE_HEAVY,500000,396.1278,19,7452765,17854272,475711,3
ArraysSort,RANDOM,1000000,62.0089,0,0,0,0,0
MergeSort,RANDOM,1000000,97.4519,17,20286405,28417087,131071,1
QuickSort,RANDOM,1000000,119.4354,15,37929875,18518898,666521,0
DeterministicSelect,RANDOM,1000000,33.7546,18,10181198,9773627,6725,0
ClosestPair,RANDOM,1000000,1009.1850,20,18689972,37708544,951423,3
ArraysSort,SORTED,1000000,0.2746,0,0,0,0,0
MergeSort,SORTED,1000000,2.5328,17,999999,934464,131071,1
QuickSort,SORTED,1000000,72.9291,14,37831584,12994371,666700,0
DeterministicSelect,SORTED,1000000,19.2676,19,8906247,7951883,7232,0
ClosestPair,SORTED,1000000,528.6662,20,18689972,37708544,951423,3
ArraysSort,REVERSE_SORTED,1000000,0.7666,0,0,0,0,0
MergeSort,REVERSE_SORTED,1000000,25.1640,17,15219088,32051814,131071,1
QuickSort,REVERSE_SORTED,1000000,74.1788,14,37605804,12894918,666867,0
DeterministicSelect,REVERSE_SORTED,1000000,19.9921,18,9687110,9862147,5515,0
ClosestPair,REVERSE_SORTED,1000000,553.0875,20,18689972,37708544,951423,3
ArraysSort,DUPLICATE_HEAVY,1000000,19.9716,0,0,0,0,0
MergeSort,DUPLICATE_HEAVY,1000000,58.8179,17,20208199,28321852,131071,1
QuickSort,DUPLICATE_HEAVY,1000000,31.7864,5,12412971,7012154,101,0
DeterministicSelect,DUPLICATE_HEAVY,1000000,26.0736,12,7543537,6963861,154,0
ClosestPair,DUPLICATE_HEAVY,1000000,956.5602,20,15404422,37708544,951423,3
